
CREATE TABLE "products" (
	`_id`	integer PRIMARY KEY AUTO_INCREMENT,
	`name`	text
);
INSERT INTO `products` (_id,name) VALUES (1,'АЕСФ.321231.001'),
 (2,'АЕСФ.321231.004'),
 (3,'АЕСФ.321231.005'),
 (4,'АЕСФ.321231.006'),
 (5,'АЕСФ.321233.001'),
 (6,'АЕСФ.321233.002'),
 (7,'АЕСФ.464966.003'),
 (8,'АЕСФ.464966.004-01'),
 (9,'АЕСФ.464966.006-01'),
 (10,'АЕСФ.464966.017'),
 (11,'ВАИШ.321213.001'),
 (12,'ВАИШ.321233.005'),
 (13,'ВАИШ.321233.007'),
 (14,'ВАИШ.321233.008'),
 (15,'АЕСФ.464966.003-06'),
 (16,'АЕСФ.464966.003-07'),
 (17,'АЕСФ.464966.003-08'),
 (18,'АЕСФ.464966.003-09'),
 (19,'АЕСФ.464966.018'),
 (20,'АЕСФ.464966.019'),
 (21,'ВАИШ.321233.003'),
 (22,'АЕСФ.321212.001'),
 (23,'АЕСФ.321231.003'),
 (24,'ВАИШ.465846.172');
CREATE TABLE "prices" (
	`_id`	INTEGER PRIMARY KEY AUTO_INCREMENT,
	`order_n`	INTEGER,
	`product`	INTEGER,
	`price`	INTEGER,
	`job`	INTEGER
);
INSERT INTO `prices` (_id,order_n,product,price,job) VALUES (1,11,1,10000,2000),
 (2,11,2,7000,1000),
 (3,11,3,8000,1600),
 (4,11,4,4500,1000),
 (5,11,5,6000,1500),
 (6,11,6,4000,1000),
 (7,11,7,8500,1500),
 (8,11,8,10000,2000),
 (9,11,9,7500,1500),
 (10,11,10,6000,1300),
 (11,11,11,3500,700),
 (12,11,12,7500,2000),
 (13,11,13,5000,1000),
 (14,11,14,4500,1000),
 (15,2,1,9000,2000),
 (16,2,2,6500,1000),
 (17,2,3,7000,1500),
 (18,2,4,4000,1000),
 (19,2,5,5500,1000),
 (20,2,6,3500,500),
 (21,2,7,7500,1500),
 (22,2,8,8000,2000),
 (23,2,9,7000,1500),
 (24,2,10,5000,1000),
 (25,2,11,3200,500),
 (26,2,12,7000,2000),
 (27,2,13,5000,1000),
 (28,2,14,4200,1000);
CREATE TABLE "plywoods" (
	`_id`	INTEGER PRIMARY KEY AUTO_INCREMENT,
	`n_id`	INTEGER NOT NULL,
	`width`	INTEGER,
	`length`	INTEGER,
	`count`	INTEGER
);
INSERT INTO `plywoods` (_id,n_id,width,length,count) VALUES (1,14,1440,790,2),
 (2,14,720,790,2),
 (3,14,620,720,4),
 (4,14,1440,620,2),
 (5,13,820,1100,1),
 (6,13,720,1100,2),
 (7,13,720,750,2),
 (8,1,880,845,2),
 (9,1,750,1600,4),
 (10,1,750,880,4),
 (11,10,880,845,2),
 (12,10,750,1600,2),
 (13,10,750,880,2),
 (14,12,1460,820,2),
 (15,12,1460,720,2),
 (16,12,1580,720,2),
 (17,12,1460,1650,1),
 (18,11,850,550,2),
 (19,11,1000,550,2),
 (20,11,760,1000,2),
 (21,2,750,840,2),
 (22,2,750,800,8),
 (23,3,630,1290,2),
 (24,3,630,670,2),
 (25,3,630,950,2),
 (26,3,950,1330,1),
 (27,3,950,720,1),
 (28,4,710,940,1),
 (29,4,710,580,2),
 (30,4,580,850,2),
 (31,19,880,845,2),
 (32,19,750,1600,2),
 (33,19,750,880,2),
 (34,20,880,845,2),
 (35,20,750,1600,2),
 (36,20,750,880,2);
CREATE TABLE "orders" (
	`_id`	INTEGER PRIMARY KEY AUTO_INCREMENT,
	`number`	INTEGER NOT NULL,
	`date`	TEXT,
	`product`	TEXT,
	`count`	INTEGER
);
INSERT INTO `orders` (_id,number,date,product,count) VALUES (1,2,'0','22',1),
 (2,2,'0','21',2),
 (3,2,'0','12',24),
 (4,2,'0','13',3),
 (5,2,'0','14',8),
 (6,2,'0','1',16),
 (7,2,'0','5',4),
 (8,2,'0','6',4),
 (9,2,'0','10',12),
 (10,2,'0','19',4),
 (11,3,'0','3',5),
 (12,3,'0','4',5),
 (13,3,'0','21',2),
 (14,3,'0','12',24),
 (15,3,'0','13',2),
 (16,3,'0','14',4),
 (17,3,'0','1',16),
 (18,3,'0','5',4),
 (19,3,'0','6',4),
 (20,3,'0','10',12),
 (21,3,'0','19',4),
 (22,3,'0','20',4),
 (23,4,'0','22',5),
 (24,4,'0','23',5),
 (25,4,'0','12',24),
 (26,4,'0','13',4),
 (27,4,'0','14',8),
 (28,4,'0','24',5),
 (29,4,'0','1',16),
 (30,4,'0','2',4),
 (31,4,'0','5',8),
 (32,4,'0','6',4),
 (33,4,'0','9',4),
 (34,4,'0','10',12),
 (35,4,'0','19',4),
 (36,4,'0','20',4),
 (37,4,'0','3',10),
 (38,4,'0','4',10),
 (39,4,'0','11',20),
 (40,5,'0','12',24),
 (41,5,'0','11',14),
 (42,5,'0','5',4),
 (43,5,'0','9',4),
 (44,5,'0','8',4),
 (45,5,'0','7',16),
 (46,6,'0','1',8),
 (47,6,'0','2',5),
 (48,6,'0','5',12),
 (49,6,'0','6',3),
 (50,6,'0','15',2),
 (51,6,'0','16',2),
 (52,6,'0','17',2),
 (53,6,'0','18',2),
 (54,6,'0','8',4),
 (55,6,'0','9',4),
 (56,6,'0','10',9),
 (57,6,'0','19',3),
 (58,6,'0','20',3),
 (59,6,'0','12',24),
 (60,6,'0','13',2),
 (61,6,'0','14',4),
 (62,7,'0','12',24),
 (63,7,'0','13',2),
 (64,7,'0','14',4),
 (65,8,'0','1',8),
 (66,8,'0','2',2),
 (67,8,'0','5',6),
 (68,8,'0','15',2),
 (69,8,'0','16',2),
 (70,8,'0','17',2),
 (71,8,'0','18',2),
 (72,8,'0','8',2),
 (73,8,'0','10',6),
 (74,8,'0','19',2),
 (75,8,'0','20',2),
 (76,9,'0','11',20),
 (77,9,'0','12',12),
 (78,9,'0','13',1),
 (79,9,'0','14',2),
 (80,10,'0','1',8),
 (81,10,'0','2',2),
 (82,10,'0','5',6),
 (83,10,'0','15',2),
 (84,10,'0','16',2),
 (85,10,'0','17',2),
 (86,10,'0','18',2),
 (87,10,'0','8',2),
 (88,10,'0','10',6),
 (89,10,'0','19',2),
 (90,10,'0','20',2),
 (91,11,'0','3',5),
 (92,11,'0','4',5),
 (93,11,'0','11',20),
 (94,11,'0','12',12),
 (95,11,'0','13',1),
 (96,11,'0','14',2),
 (97,12,'0','1',8),
 (98,12,'0','2',2),
 (99,12,'0','5',6),
 (100,12,'0','6',2),
 (101,12,'0','15',2),
 (102,12,'0','16',2),
 (103,12,'0','17',2),
 (104,12,'0','18',2),
 (105,12,'0','8',4),
 (106,12,'0','9',4),
 (107,12,'0','10',6),
 (108,12,'0','19',2),
 (109,12,'0','20',2),
 (110,13,'0','1',12),
 (111,13,'0','2',3),
 (112,13,'0','5',9),
 (113,13,'0','6',3),
 (114,13,'0','15',3),
 (115,13,'0','16',3),
 (116,13,'0','17',3),
 (117,13,'0','18',3),
 (118,13,'0','8',6),
 (119,13,'0','9',6),
 (120,13,'0','10',9),
 (121,13,'0','19',3),
 (122,13,'0','20',3),
 (123,15,'0','1',8),
 (124,15,'0','15',1),
 (125,15,'0','16',1),
 (126,15,'0','17',1),
 (127,15,'0','18',1),
 (128,15,'0','10',3),
 (129,15,'0','19',1),
 (130,15,'0','20',1),
 (131,16,'0','1',8),
 (132,16,'0','2',2),
 (133,16,'0','5',6),
 (134,16,'0','6',2),
 (135,16,'0','15',2),
 (136,16,'0','16',2),
 (137,16,'0','17',2),
 (138,16,'0','18',2),
 (139,16,'0','8',4),
 (140,16,'0','9',4),
 (141,16,'0','10',6),
 (142,16,'0','19',2),
 (143,16,'0','20',2);
CREATE TABLE "battens" (
	`_id`	INTEGER PRIMARY KEY AUTO_INCREMENT,
	`n_id`	INTEGER NOT NULL,
	`size`	TEXT,
	`length`	INTEGER,
	`count`	INTEGER
);
INSERT INTO `battens` (_id,n_id,size,length,count) VALUES (1,6,'25х70',450,4),
 (2,6,'25х70',378,2),
 (3,6,'25х70',538,6),
 (4,6,'25х70',290,4),
 (5,6,'19x100',1090,12),
 (6,6,'19x93',1090,18),
 (7,6,'19x100',500,12),
 (8,6,'60x100',538,3),
 (9,14,'32х50',2160,6),
 (10,14,'32х50',690,4),
 (11,14,'32х50',620,8),
 (12,14,'32х50',520,8),
 (13,14,'50х50',790,4),
 (14,13,'32х50',1100,6),
 (15,13,'32х50',720,7),
 (16,13,'32х50',650,4),
 (17,13,'32х50',620,4),
 (18,13,'100х100',820,3),
 (19,13,'25х91',1100,9),
 (20,1,'40х75',1690,2),
 (21,1,'40х75',730,3),
 (22,1,'40х75',1600,4),
 (23,1,'40х50',1600,4),
 (24,1,'40х75',880,8),
 (25,1,'40х50',880,4),
 (26,1,'40х75',625,20),
 (27,1,'19х98',1690,9),
 (28,1,'19х100',880,5),
 (29,1,'19х100',1690,3),
 (30,1,'100х100',100,9),
 (31,10,'40х75',1690,2),
 (32,10,'40х75',730,3),
 (33,10,'40х75',1600,2),
 (34,10,'40х50',1600,2),
 (35,10,'40х75',880,4),
 (36,10,'40х50',880,2),
 (37,10,'40х75',625,10),
 (38,10,'19х98',1690,9),
 (39,10,'19х100',880,5),
 (40,10,'19х100',1690,3),
 (41,10,'100х100',100,9),
 (42,12,'32х50',1460,8),
 (43,12,'32х50',1580,4),
 (44,12,'32х50',1550,2),
 (45,12,'32х50',1360,1),
 (46,12,'32х50',620,14),
 (47,12,'45х50',1650,4),
 (48,12,'32х100',1430,2),
 (49,12,'32х90',1355,2),
 (50,12,'32х105',720,4),
 (51,11,'40х50',900,8),
 (52,11,'40х50',850,4),
 (53,11,'40х50',762,4),
 (54,11,'40х50',550,4),
 (55,11,'40х50',450,8),
 (56,9,'25х75',2490,20),
 (57,9,'25х75',620,10),
 (58,9,'40х75',710,8),
 (59,9,'40х75',670,6),
 (60,9,'40х75',510,4),
 (61,9,'40х75',470,4),
 (62,9,'40х75',625,3),
 (63,9,'75x125',670,4),
 (64,8,'25х125',2400,7),
 (65,8,'40х75',250,1),
 (66,8,'40х75',770,4),
 (67,8,'60х100',3200,2),
 (68,8,'60х100',1700,24),
 (69,7,'25х125',2400,6),
 (70,7,'40х75',560,4),
 (71,7,'60х100',3200,2),
 (72,7,'60х100',1700,18),
 (73,2,'40х50',750,20),
 (74,2,'40х50',700,16),
 (75,2,'40х75',750,2),
 (76,2,'40х75',690,3),
 (77,2,'19х75',750,2),
 (78,2,'19х75',690,3),
 (79,2,'60х100',750,3),
 (80,5,'25х70',780,6),
 (81,5,'25х70',836,5),
 (82,5,'25х70',600,4),
 (83,5,'19x93',1775,13),
 (84,5,'19x93',1775,18),
 (85,5,'19x93',797,13),
 (86,3,'40х75',2050,2),
 (87,3,'40х75',800,4),
 (88,3,'40х75',1962,4),
 (89,3,'40х75',480,14),
 (90,3,'40х75',950,6),
 (91,3,'19х95',2050,10),
 (92,3,'19х100',950,5),
 (93,3,'19х100',2050,3),
 (94,3,'100х100',100,15),
 (95,4,'40х75',940,2),
 (96,4,'40х75',560,3),
 (97,4,'40х75',852,4),
 (98,4,'40х75',430,10),
 (99,4,'40х75',710,6),
 (100,4,'19х89',940,8),
 (101,4,'19х100',940,2),
 (102,4,'19х100',710,3),
 (103,4,'100х100',100,6),
 (104,15,'25х125',2400,6),
 (105,15,'40х75',560,4),
 (106,15,'60х100',3200,2),
 (107,15,'60х100',1700,18),
 (108,16,'25х125',2400,6),
 (109,16,'40х75',560,4),
 (110,16,'60х100',3200,2),
 (111,16,'60х100',1700,18),
 (112,17,'25х125',2400,6),
 (113,17,'40х75',560,4),
 (114,17,'60х100',3200,2),
 (115,17,'60х100',1700,18),
 (116,18,'25х125',2400,6),
 (117,18,'40х75',560,4),
 (118,18,'60х100',3200,2),
 (119,18,'60х100',1700,18),
 (120,19,'40х75',1690,2),
 (121,19,'40х75',730,3),
 (122,19,'40х75',1600,2),
 (123,19,'40х50',1600,2),
 (124,19,'40х75',880,4),
 (125,19,'40х50',880,2),
 (126,19,'40х75',625,10),
 (127,19,'19х98',1690,9),
 (128,19,'19х100',880,5),
 (129,19,'19х100',1690,3),
 (130,19,'100х100',100,9),
 (131,20,'40х75',1690,2),
 (132,20,'40х75',730,3),
 (133,20,'40х75',1600,2),
 (134,20,'40х50',1600,2),
 (135,20,'40х75',880,4),
 (136,20,'40х50',880,2),
 (137,20,'40х75',625,10),
 (138,20,'19х98',1690,9),
 (139,20,'19х100',880,5),
 (140,20,'19х100',1690,3),
 (141,20,'100х100',100,9);

